kume,ozellik1_mean,ozellik1_std,ozellik1_min,ozellik1_max,ozellik2_mean,ozellik2_std,ozellik2_min,ozellik2_max
0,-2.667803920436118,0.8043580027230283,-4.234115455565783,-0.9299848075453587,8.935760689549225,1.0333993263182237,7.054616004318546,10.86656431270726
1,1.6367050999054793,5.065293805735639,-8.487110425712498,6.526064737438632,-0.2148640790855304,3.8672246885186556,-8.39495681796181,4.436411796426018
2,-4.088904710847635,5.050463468576173,-8.487110425712498,6.526064737438632,-4.52243248786509,3.8673735672413625,-8.39495681796181,4.436411796426018
